areaCode,areaName,areaType,date,cumPeopleVaccinatedFirstDoseByVaccinationDate
K02000001,United Kingdom,overview,2023-03-29,52301610
K02000001,United Kingdom,overview,2023-03-28,52301488
K02000001,United Kingdom,overview,2023-03-27,52301419
K02000001,United Kingdom,overview,2023-03-26,52301345
K02000001,United Kingdom,overview,2023-03-25,52301374
K02000001,United Kingdom,overview,2023-03-24,52301175
K02000001,United Kingdom,overview,2023-03-23,52301069
K02000001,United Kingdom,overview,2023-03-22,52300935
K02000001,United Kingdom,overview,2023-03-21,52300837
K02000001,United Kingdom,overview,2023-03-20,52300732
K02000001,United Kingdom,overview,2023-03-19,52300637
K02000001,United Kingdom,overview,2023-03-18,52300662
K02000001,United Kingdom,overview,2023-03-17,52300457
K02000001,United Kingdom,overview,2023-03-16,52300323
K02000001,United Kingdom,overview,2023-03-15,52300239
K02000001,United Kingdom,overview,2023-03-14,52300150
K02000001,United Kingdom,overview,2023-03-13,52300062
K02000001,United Kingdom,overview,2023-03-12,52300030
K02000001,United Kingdom,overview,2023-03-11,52300044
K02000001,United Kingdom,overview,2023-03-10,52299812
K02000001,United Kingdom,overview,2023-03-09,52299726
K02000001,United Kingdom,overview,2023-03-08,52299704
K02000001,United Kingdom,overview,2023-03-07,52299617
K02000001,United Kingdom,overview,2023-03-06,52299599
K02000001,United Kingdom,overview,2023-03-05,52299545
K02000001,United Kingdom,overview,2023-03-04,52299554
K02000001,United Kingdom,overview,2023-03-03,52299283
K02000001,United Kingdom,overview,2023-03-02,52299165
K02000001,United Kingdom,overview,2023-03-01,52299116
K02000001,United Kingdom,overview,2023-02-28,52298964
K02000001,United Kingdom,overview,2023-02-27,52298800
K02000001,United Kingdom,overview,2023-02-26,52298731
K02000001,United Kingdom,overview,2023-02-25,52298753
K02000001,United Kingdom,overview,2023-02-24,52298447
K02000001,United Kingdom,overview,2023-02-23,52298302
K02000001,United Kingdom,overview,2023-02-22,52298177
K02000001,United Kingdom,overview,2023-02-21,52298105
K02000001,United Kingdom,overview,2023-02-20,52298005
K02000001,United Kingdom,overview,2023-02-19,52297907
K02000001,United Kingdom,overview,2023-02-18,52297922
K02000001,United Kingdom,overview,2023-02-17,52297542
K02000001,United Kingdom,overview,2023-02-16,52297325
K02000001,United Kingdom,overview,2023-02-15,52297156
K02000001,United Kingdom,overview,2023-02-14,52296999
K02000001,United Kingdom,overview,2023-02-13,52296877
K02000001,United Kingdom,overview,2023-02-12,52296749
K02000001,United Kingdom,overview,2023-02-11,52296684
K02000001,United Kingdom,overview,2023-02-10,52295897
K02000001,United Kingdom,overview,2023-02-09,52295521
K02000001,United Kingdom,overview,2023-02-08,52295204
K02000001,United Kingdom,overview,2023-02-07,52294866
K02000001,United Kingdom,overview,2023-02-06,52294663
K02000001,United Kingdom,overview,2023-02-05,52294476
K02000001,United Kingdom,overview,2023-02-04,52294366
K02000001,United Kingdom,overview,2023-02-03,52293754
K02000001,United Kingdom,overview,2023-02-02,52293481
K02000001,United Kingdom,overview,2023-02-01,52293252
K02000001,United Kingdom,overview,2023-01-31,52293014
K02000001,United Kingdom,overview,2023-01-30,52292814
K02000001,United Kingdom,overview,2023-01-29,52292572
K02000001,United Kingdom,overview,2023-01-28,52292488
K02000001,United Kingdom,overview,2023-01-27,52291837
K02000001,United Kingdom,overview,2023-01-26,52291454
K02000001,United Kingdom,overview,2023-01-25,52291149
K02000001,United Kingdom,overview,2023-01-24,52290831
K02000001,United Kingdom,overview,2023-01-23,52290527
K02000001,United Kingdom,overview,2023-01-22,52290335
K02000001,United Kingdom,overview,2023-01-21,52290222
K02000001,United Kingdom,overview,2023-01-20,52289438
K02000001,United Kingdom,overview,2023-01-19,52289015
K02000001,United Kingdom,overview,2023-01-18,52288712
K02000001,United Kingdom,overview,2023-01-17,52288461
K02000001,United Kingdom,overview,2023-01-16,52288187
K02000001,United Kingdom,overview,2023-01-15,52287888
K02000001,United Kingdom,overview,2023-01-14,52287750
K02000001,United Kingdom,overview,2023-01-13,52287004
K02000001,United Kingdom,overview,2023-01-12,52286599
K02000001,United Kingdom,overview,2023-01-11,52286210
K02000001,United Kingdom,overview,2023-01-10,52285874
K02000001,United Kingdom,overview,2023-01-09,52285539
K02000001,United Kingdom,overview,2023-01-08,52285231
K02000001,United Kingdom,overview,2023-01-07,52285147
K02000001,United Kingdom,overview,2023-01-06,52284245
K02000001,United Kingdom,overview,2023-01-05,52283761
K02000001,United Kingdom,overview,2023-01-04,52283407
K02000001,United Kingdom,overview,2023-01-03,52282898
K02000001,United Kingdom,overview,2023-01-02,52282526
K02000001,United Kingdom,overview,2023-01-01,52282637
K02000001,United Kingdom,overview,2022-12-31,52282772
K02000001,United Kingdom,overview,2022-12-30,52282586
K02000001,United Kingdom,overview,2022-12-29,52282215
K02000001,United Kingdom,overview,2022-12-28,52281797
K02000001,United Kingdom,overview,2022-12-27,52281359
K02000001,United Kingdom,overview,2022-12-26,52281446
K02000001,United Kingdom,overview,2022-12-25,52281587
K02000001,United Kingdom,overview,2022-12-24,52281729
K02000001,United Kingdom,overview,2022-12-23,52281718
K02000001,United Kingdom,overview,2022-12-22,52281411
K02000001,United Kingdom,overview,2022-12-21,52281032
K02000001,United Kingdom,overview,2022-12-20,52280690
K02000001,United Kingdom,overview,2022-12-19,52280333
K02000001,United Kingdom,overview,2022-12-18,52280000
K02000001,United Kingdom,overview,2022-12-17,52279934
K02000001,United Kingdom,overview,2022-12-16,52279364
K02000001,United Kingdom,overview,2022-12-15,52279024
K02000001,United Kingdom,overview,2022-12-14,52278655
K02000001,United Kingdom,overview,2022-12-13,52278285
K02000001,United Kingdom,overview,2022-12-12,52277963
K02000001,United Kingdom,overview,2022-12-11,52277694
K02000001,United Kingdom,overview,2022-12-10,52277475
K02000001,United Kingdom,overview,2022-12-09,52276660
K02000001,United Kingdom,overview,2022-12-08,52276291
K02000001,United Kingdom,overview,2022-12-07,52275823
K02000001,United Kingdom,overview,2022-12-06,52275342
K02000001,United Kingdom,overview,2022-12-05,52274861
K02000001,United Kingdom,overview,2022-12-04,52274516
K02000001,United Kingdom,overview,2022-12-03,52274197
K02000001,United Kingdom,overview,2022-12-02,52273169
K02000001,United Kingdom,overview,2022-12-01,52272601
K02000001,United Kingdom,overview,2022-11-30,52272116
K02000001,United Kingdom,overview,2022-11-29,52271472
K02000001,United Kingdom,overview,2022-11-28,52270827
K02000001,United Kingdom,overview,2022-11-27,52270318
K02000001,United Kingdom,overview,2022-11-26,52269927
K02000001,United Kingdom,overview,2022-11-25,52268738
K02000001,United Kingdom,overview,2022-11-24,52268044
K02000001,United Kingdom,overview,2022-11-23,52267214
K02000001,United Kingdom,overview,2022-11-22,52266519
K02000001,United Kingdom,overview,2022-11-21,52265906
K02000001,United Kingdom,overview,2022-11-20,52265443
K02000001,United Kingdom,overview,2022-11-19,52265041
K02000001,United Kingdom,overview,2022-11-18,52263507
K02000001,United Kingdom,overview,2022-11-17,52262756
K02000001,United Kingdom,overview,2022-11-16,52261959
K02000001,United Kingdom,overview,2022-11-15,52261244
K02000001,United Kingdom,overview,2022-11-14,52260576
K02000001,United Kingdom,overview,2022-11-13,52259977
K02000001,United Kingdom,overview,2022-11-12,52259416
K02000001,United Kingdom,overview,2022-11-11,52257733
K02000001,United Kingdom,overview,2022-11-10,52256995
K02000001,United Kingdom,overview,2022-11-09,52256193
K02000001,United Kingdom,overview,2022-11-08,52255315
K02000001,United Kingdom,overview,2022-11-07,52254627
K02000001,United Kingdom,overview,2022-11-06,52253899
K02000001,United Kingdom,overview,2022-11-05,52253325
K02000001,United Kingdom,overview,2022-11-04,52251524
K02000001,United Kingdom,overview,2022-11-03,52250632
K02000001,United Kingdom,overview,2022-11-02,52249701
K02000001,United Kingdom,overview,2022-11-01,52248805
K02000001,United Kingdom,overview,2022-10-31,52247940
K02000001,United Kingdom,overview,2022-10-30,52247278
K02000001,United Kingdom,overview,2022-10-29,52246651
K02000001,United Kingdom,overview,2022-10-28,52244778
K02000001,United Kingdom,overview,2022-10-27,52243373
K02000001,United Kingdom,overview,2022-10-26,52242043
K02000001,United Kingdom,overview,2022-10-25,52240582
K02000001,United Kingdom,overview,2022-10-24,52239364
K02000001,United Kingdom,overview,2022-10-23,52238228
K02000001,United Kingdom,overview,2022-10-22,52237565
K02000001,United Kingdom,overview,2022-10-21,52235388
K02000001,United Kingdom,overview,2022-10-20,52234210
K02000001,United Kingdom,overview,2022-10-19,52232984
K02000001,United Kingdom,overview,2022-10-18,52231702
K02000001,United Kingdom,overview,2022-10-17,52230607
K02000001,United Kingdom,overview,2022-10-16,52229743
K02000001,United Kingdom,overview,2022-10-15,52228880
K02000001,United Kingdom,overview,2022-10-14,52226524
K02000001,United Kingdom,overview,2022-10-13,52225372
K02000001,United Kingdom,overview,2022-10-12,52224398
K02000001,United Kingdom,overview,2022-10-11,52223367
K02000001,United Kingdom,overview,2022-10-10,52222413
K02000001,United Kingdom,overview,2022-10-09,52221513
K02000001,United Kingdom,overview,2022-10-08,52220792
K02000001,United Kingdom,overview,2022-10-07,52218615
K02000001,United Kingdom,overview,2022-10-06,52217225
K02000001,United Kingdom,overview,2022-10-05,52216118
K02000001,United Kingdom,overview,2022-10-04,52214991
K02000001,United Kingdom,overview,2022-10-03,52214137
K02000001,United Kingdom,overview,2022-10-02,52213424
K02000001,United Kingdom,overview,2022-10-01,52212868
K02000001,United Kingdom,overview,2022-09-30,52211091
K02000001,United Kingdom,overview,2022-09-29,52210137
K02000001,United Kingdom,overview,2022-09-28,52208985
K02000001,United Kingdom,overview,2022-09-27,52208057
K02000001,United Kingdom,overview,2022-09-26,52207223
K02000001,United Kingdom,overview,2022-09-25,52206474
K02000001,United Kingdom,overview,2022-09-24,52205919
K02000001,United Kingdom,overview,2022-09-23,52204225
K02000001,United Kingdom,overview,2022-09-22,52203380
K02000001,United Kingdom,overview,2022-09-21,52202631
K02000001,United Kingdom,overview,2022-09-20,52201852
K02000001,United Kingdom,overview,2022-09-19,52201126
K02000001,United Kingdom,overview,2022-09-18,52200995
K02000001,United Kingdom,overview,2022-09-17,52200401
K02000001,United Kingdom,overview,2022-09-16,52198788
K02000001,United Kingdom,overview,2022-09-15,52197797
K02000001,United Kingdom,overview,2022-09-14,52197058
K02000001,United Kingdom,overview,2022-09-13,52196178
K02000001,United Kingdom,overview,2022-09-12,52195406
K02000001,United Kingdom,overview,2022-09-11,52194515
K02000001,United Kingdom,overview,2022-09-10,52194272
K02000001,United Kingdom,overview,2022-09-09,52193118
K02000001,United Kingdom,overview,2022-09-08,52192648
K02000001,United Kingdom,overview,2022-09-07,52192249
K02000001,United Kingdom,overview,2022-09-06,52191773
K02000001,United Kingdom,overview,2022-09-05,52191354
K02000001,United Kingdom,overview,2022-09-04,51951091
K02000001,United Kingdom,overview,2022-09-03,51950798
K02000001,United Kingdom,overview,2022-09-02,51949794
K02000001,United Kingdom,overview,2022-09-01,51948980
K02000001,United Kingdom,overview,2022-08-31,51948103
K02000001,United Kingdom,overview,2022-08-30,51946699
K02000001,United Kingdom,overview,2022-08-29,51945479
K02000001,United Kingdom,overview,2022-08-28,51945321
K02000001,United Kingdom,overview,2022-08-27,51944881
K02000001,United Kingdom,overview,2022-08-26,51943576
K02000001,United Kingdom,overview,2022-08-25,51942322
K02000001,United Kingdom,overview,2022-08-24,51941027
K02000001,United Kingdom,overview,2022-08-23,51939955
K02000001,United Kingdom,overview,2022-08-22,51938657
K02000001,United Kingdom,overview,2022-08-21,51937573
K02000001,United Kingdom,overview,2022-08-20,51936930
K02000001,United Kingdom,overview,2022-08-19,51935260
K02000001,United Kingdom,overview,2022-08-18,51934037
K02000001,United Kingdom,overview,2022-08-17,51932910
K02000001,United Kingdom,overview,2022-08-16,51931686
K02000001,United Kingdom,overview,2022-08-15,51930348
K02000001,United Kingdom,overview,2022-08-14,51929282
K02000001,United Kingdom,overview,2022-08-13,51928746
K02000001,United Kingdom,overview,2022-08-12,51927382
K02000001,United Kingdom,overview,2022-08-11,51926264
K02000001,United Kingdom,overview,2022-08-10,51925172
K02000001,United Kingdom,overview,2022-08-09,51923840
K02000001,United Kingdom,overview,2022-08-08,51922638
K02000001,United Kingdom,overview,2022-08-07,51921537
K02000001,United Kingdom,overview,2022-08-06,51920711
K02000001,United Kingdom,overview,2022-08-05,51918949
K02000001,United Kingdom,overview,2022-08-04,51917649
K02000001,United Kingdom,overview,2022-08-03,51916097
K02000001,United Kingdom,overview,2022-08-02,51914707
K02000001,United Kingdom,overview,2022-08-01,51913197
K02000001,United Kingdom,overview,2022-07-31,51911914
K02000001,United Kingdom,overview,2022-07-30,51910873
K02000001,United Kingdom,overview,2022-07-29,51908688
K02000001,United Kingdom,overview,2022-07-28,51907094
K02000001,United Kingdom,overview,2022-07-27,51905103
K02000001,United Kingdom,overview,2022-07-26,51903219
K02000001,United Kingdom,overview,2022-07-25,51901200
K02000001,United Kingdom,overview,2022-07-24,51899392
K02000001,United Kingdom,overview,2022-07-23,51898122
K02000001,United Kingdom,overview,2022-07-22,51895202
K02000001,United Kingdom,overview,2022-07-21,51893454
K02000001,United Kingdom,overview,2022-07-20,51891713
K02000001,United Kingdom,overview,2022-07-19,51890131
K02000001,United Kingdom,overview,2022-07-18,51889207
K02000001,United Kingdom,overview,2022-07-17,51888234
K02000001,United Kingdom,overview,2022-07-16,51887163
K02000001,United Kingdom,overview,2022-07-15,51883899
K02000001,United Kingdom,overview,2022-07-14,51882421
K02000001,United Kingdom,overview,2022-07-13,51880760
K02000001,United Kingdom,overview,2022-07-12,51879164
K02000001,United Kingdom,overview,2022-07-11,51877645
K02000001,United Kingdom,overview,2022-07-10,51876398
K02000001,United Kingdom,overview,2022-07-09,51874812
K02000001,United Kingdom,overview,2022-07-08,51871377
K02000001,United Kingdom,overview,2022-07-07,51869753
K02000001,United Kingdom,overview,2022-07-06,51868088
K02000001,United Kingdom,overview,2022-07-05,51866399
K02000001,United Kingdom,overview,2022-07-04,51864599
K02000001,United Kingdom,overview,2022-07-03,51863132
K02000001,United Kingdom,overview,2022-07-02,51861537
K02000001,United Kingdom,overview,2022-07-01,51857495
K02000001,United Kingdom,overview,2022-06-30,51855625
K02000001,United Kingdom,overview,2022-06-29,51853554
K02000001,United Kingdom,overview,2022-06-28,51851701
K02000001,United Kingdom,overview,2022-06-27,51849600
K02000001,United Kingdom,overview,2022-06-26,51847712
K02000001,United Kingdom,overview,2022-06-25,51845256
K02000001,United Kingdom,overview,2022-06-24,51839951
K02000001,United Kingdom,overview,2022-06-23,51837820
K02000001,United Kingdom,overview,2022-06-22,51835874
K02000001,United Kingdom,overview,2022-06-21,51833753
K02000001,United Kingdom,overview,2022-06-20,51831508
K02000001,United Kingdom,overview,2022-06-19,51829784
K02000001,United Kingdom,overview,2022-06-18,51828094
K02000001,United Kingdom,overview,2022-06-17,51823906
K02000001,United Kingdom,overview,2022-06-16,51822210
K02000001,United Kingdom,overview,2022-06-15,51820368
K02000001,United Kingdom,overview,2022-06-14,51818604
K02000001,United Kingdom,overview,2022-06-13,51816543
K02000001,United Kingdom,overview,2022-06-12,51814886
K02000001,United Kingdom,overview,2022-06-11,51812826
K02000001,United Kingdom,overview,2022-06-10,51807399
K02000001,United Kingdom,overview,2022-06-09,51805341
K02000001,United Kingdom,overview,2022-06-08,51803406
K02000001,United Kingdom,overview,2022-06-07,51801400
K02000001,United Kingdom,overview,2022-06-06,51799009
K02000001,United Kingdom,overview,2022-06-05,51797079
K02000001,United Kingdom,overview,2022-06-04,51796158
K02000001,United Kingdom,overview,2022-06-03,51793063
K02000001,United Kingdom,overview,2022-06-02,51792452
K02000001,United Kingdom,overview,2022-06-01,51791633
K02000001,United Kingdom,overview,2022-05-31,51787713
K02000001,United Kingdom,overview,2022-05-30,51783868
K02000001,United Kingdom,overview,2022-05-29,51780459
K02000001,United Kingdom,overview,2022-05-28,51778084
K02000001,United Kingdom,overview,2022-05-27,51772719
K02000001,United Kingdom,overview,2022-05-26,51770165
K02000001,United Kingdom,overview,2022-05-25,51767892
K02000001,United Kingdom,overview,2022-05-24,51765520
K02000001,United Kingdom,overview,2022-05-23,51762931
K02000001,United Kingdom,overview,2022-05-22,51760800
K02000001,United Kingdom,overview,2022-05-21,51758233
K02000001,United Kingdom,overview,2022-05-20,51751266
K02000001,United Kingdom,overview,2022-05-19,51747868
K02000001,United Kingdom,overview,2022-05-18,51744758
K02000001,United Kingdom,overview,2022-05-17,51741672
K02000001,United Kingdom,overview,2022-05-16,51738075
K02000001,United Kingdom,overview,2022-05-15,51735312
K02000001,United Kingdom,overview,2022-05-14,51731548
K02000001,United Kingdom,overview,2022-05-13,51722912
K02000001,United Kingdom,overview,2022-05-12,51719086
K02000001,United Kingdom,overview,2022-05-11,51715490
K02000001,United Kingdom,overview,2022-05-10,51712063
K02000001,United Kingdom,overview,2022-05-09,51708231
K02000001,United Kingdom,overview,2022-05-08,51705045
K02000001,United Kingdom,overview,2022-05-07,51701261
K02000001,United Kingdom,overview,2022-05-06,51691420
K02000001,United Kingdom,overview,2022-05-05,51686853
K02000001,United Kingdom,overview,2022-05-04,51682591
K02000001,United Kingdom,overview,2022-05-03,51677925
K02000001,United Kingdom,overview,2022-05-02,51673125
K02000001,United Kingdom,overview,2022-05-01,51670898
K02000001,United Kingdom,overview,2022-04-30,51666559
K02000001,United Kingdom,overview,2022-04-29,51655915
K02000001,United Kingdom,overview,2022-04-28,51650772
K02000001,United Kingdom,overview,2022-04-27,51645869
K02000001,United Kingdom,overview,2022-04-26,51640754
K02000001,United Kingdom,overview,2022-04-25,51635645
K02000001,United Kingdom,overview,2022-04-24,51630936
K02000001,United Kingdom,overview,2022-04-23,51624697
K02000001,United Kingdom,overview,2022-04-22,51611679
K02000001,United Kingdom,overview,2022-04-21,51603396
K02000001,United Kingdom,overview,2022-04-20,51594900
K02000001,United Kingdom,overview,2022-04-19,51586954
K02000001,United Kingdom,overview,2022-04-18,51578502
K02000001,United Kingdom,overview,2022-04-17,51575528
K02000001,United Kingdom,overview,2022-04-16,51573582
K02000001,United Kingdom,overview,2022-04-15,51564782
K02000001,United Kingdom,overview,2022-04-14,51559715
K02000001,United Kingdom,overview,2022-04-13,51549238
K02000001,United Kingdom,overview,2022-04-12,51538927
K02000001,United Kingdom,overview,2022-04-11,51529872
K02000001,United Kingdom,overview,2022-04-10,51521111
K02000001,United Kingdom,overview,2022-04-09,51513820
K02000001,United Kingdom,overview,2022-04-08,51501281
K02000001,United Kingdom,overview,2022-04-07,51494883
K02000001,United Kingdom,overview,2022-04-06,51489005
K02000001,United Kingdom,overview,2022-04-05,51482953
K02000001,United Kingdom,overview,2022-04-04,51476757
K02000001,United Kingdom,overview,2022-04-03,51470969
K02000001,United Kingdom,overview,2022-04-02,51466923
K02000001,United Kingdom,overview,2022-04-01,51459787
K02000001,United Kingdom,overview,2022-03-31,51455763
K02000001,United Kingdom,overview,2022-03-30,51451606
K02000001,United Kingdom,overview,2022-03-29,51447391
K02000001,United Kingdom,overview,2022-03-28,51443821
K02000001,United Kingdom,overview,2022-03-27,51440558
K02000001,United Kingdom,overview,2022-03-26,51437177
K02000001,United Kingdom,overview,2022-03-25,51430370
K02000001,United Kingdom,overview,2022-03-24,51425947
K02000001,United Kingdom,overview,2022-03-23,51421416
K02000001,United Kingdom,overview,2022-03-22,51416918
K02000001,United Kingdom,overview,2022-03-21,51412972
K02000001,United Kingdom,overview,2022-03-20,51408891
K02000001,United Kingdom,overview,2022-03-19,51405154
K02000001,United Kingdom,overview,2022-03-18,51398784
K02000001,United Kingdom,overview,2022-03-17,51393662
K02000001,United Kingdom,overview,2022-03-16,51389252
K02000001,United Kingdom,overview,2022-03-15,51384731
K02000001,United Kingdom,overview,2022-03-14,51380089
K02000001,United Kingdom,overview,2022-03-13,51376016
K02000001,United Kingdom,overview,2022-03-12,51372556
K02000001,United Kingdom,overview,2022-03-11,51365596
K02000001,United Kingdom,overview,2022-03-10,51360605
K02000001,United Kingdom,overview,2022-03-09,51355695
K02000001,United Kingdom,overview,2022-03-08,51350593
K02000001,United Kingdom,overview,2022-03-07,51345958
K02000001,United Kingdom,overview,2022-03-06,51341850
K02000001,United Kingdom,overview,2022-03-05,51338689
K02000001,United Kingdom,overview,2022-03-04,51332087
K02000001,United Kingdom,overview,2022-03-03,51326126
K02000001,United Kingdom,overview,2022-03-02,51320580
K02000001,United Kingdom,overview,2022-03-01,51315153
K02000001,United Kingdom,overview,2022-02-28,51309717
K02000001,United Kingdom,overview,2022-02-27,51304463
K02000001,United Kingdom,overview,2022-02-26,51300772
K02000001,United Kingdom,overview,2022-02-25,51292825
K02000001,United Kingdom,overview,2022-02-24,51286012
K02000001,United Kingdom,overview,2022-02-23,51279213
K02000001,United Kingdom,overview,2022-02-22,51271749
K02000001,United Kingdom,overview,2022-02-21,51264919
K02000001,United Kingdom,overview,2022-02-20,51258722
K02000001,United Kingdom,overview,2022-02-19,51254602
K02000001,United Kingdom,overview,2022-02-18,51245899
K02000001,United Kingdom,overview,2022-02-17,51240349
K02000001,United Kingdom,overview,2022-02-16,51231563
K02000001,United Kingdom,overview,2022-02-15,51223007
K02000001,United Kingdom,overview,2022-02-14,51214598
K02000001,United Kingdom,overview,2022-02-13,51207458
K02000001,United Kingdom,overview,2022-02-12,51201834
K02000001,United Kingdom,overview,2022-02-11,51189722
K02000001,United Kingdom,overview,2022-02-10,51179488
K02000001,United Kingdom,overview,2022-02-09,51169512
K02000001,United Kingdom,overview,2022-02-08,51159274
K02000001,United Kingdom,overview,2022-02-07,51149686
K02000001,United Kingdom,overview,2022-02-06,51140766
K02000001,United Kingdom,overview,2022-02-05,51134256
K02000001,United Kingdom,overview,2022-02-04,51121571
K02000001,United Kingdom,overview,2022-02-03,51110964
K02000001,United Kingdom,overview,2022-02-02,51099345
K02000001,United Kingdom,overview,2022-02-01,51088062
K02000001,United Kingdom,overview,2022-01-31,51076448
K02000001,United Kingdom,overview,2022-01-30,51065293
K02000001,United Kingdom,overview,2022-01-29,51054266
K02000001,United Kingdom,overview,2022-01-28,51036089
K02000001,United Kingdom,overview,2022-01-27,51019981
K02000001,United Kingdom,overview,2022-01-26,51004802
K02000001,United Kingdom,overview,2022-01-25,50990619
K02000001,United Kingdom,overview,2022-01-24,50977509
K02000001,United Kingdom,overview,2022-01-23,50965412
K02000001,United Kingdom,overview,2022-01-22,50954197
K02000001,United Kingdom,overview,2022-01-21,50934691
K02000001,United Kingdom,overview,2022-01-20,50917804
K02000001,United Kingdom,overview,2022-01-19,50901556
K02000001,United Kingdom,overview,2022-01-18,50885378
K02000001,United Kingdom,overview,2022-01-17,50868522
K02000001,United Kingdom,overview,2022-01-16,50853688
K02000001,United Kingdom,overview,2022-01-15,50836940
K02000001,United Kingdom,overview,2022-01-14,50810231
K02000001,United Kingdom,overview,2022-01-13,50790878
K02000001,United Kingdom,overview,2022-01-12,50772161
K02000001,United Kingdom,overview,2022-01-11,50753882
K02000001,United Kingdom,overview,2022-01-10,50736586
K02000001,United Kingdom,overview,2022-01-09,50720646
K02000001,United Kingdom,overview,2022-01-08,50699702
K02000001,United Kingdom,overview,2022-01-07,50668564
K02000001,United Kingdom,overview,2022-01-06,50646677
K02000001,United Kingdom,overview,2022-01-05,50623759
K02000001,United Kingdom,overview,2022-01-04,50599172
K02000001,United Kingdom,overview,2022-01-03,50575270
K02000001,United Kingdom,overview,2022-01-02,50556932
K02000001,United Kingdom,overview,2022-01-01,50545268
K02000001,United Kingdom,overview,2021-12-31,50543412
K02000001,United Kingdom,overview,2021-12-30,50529575
K02000001,United Kingdom,overview,2021-12-29,50497121
K02000001,United Kingdom,overview,2021-12-28,50464278
K02000001,United Kingdom,overview,2021-12-27,50440901
K02000001,United Kingdom,overview,2021-12-26,50423651
K02000001,United Kingdom,overview,2021-12-25,50422107
K02000001,United Kingdom,overview,2021-12-24,50421710
K02000001,United Kingdom,overview,2021-12-23,50412147
K02000001,United Kingdom,overview,2021-12-22,50381929
K02000001,United Kingdom,overview,2021-12-21,50345364
K02000001,United Kingdom,overview,2021-12-20,50309589
K02000001,United Kingdom,overview,2021-12-19,50274566
K02000001,United Kingdom,overview,2021-12-18,50240876
K02000001,United Kingdom,overview,2021-12-17,50202845
K02000001,United Kingdom,overview,2021-12-16,50172246
K02000001,United Kingdom,overview,2021-12-15,50140980
K02000001,United Kingdom,overview,2021-12-14,50113556
K02000001,United Kingdom,overview,2021-12-13,50088622
K02000001,United Kingdom,overview,2021-12-12,50067127
K02000001,United Kingdom,overview,2021-12-11,50044980
K02000001,United Kingdom,overview,2021-12-10,50020401
K02000001,United Kingdom,overview,2021-12-09,49999031
K02000001,United Kingdom,overview,2021-12-08,49977657
K02000001,United Kingdom,overview,2021-12-07,49958507
K02000001,United Kingdom,overview,2021-12-06,49939732
K02000001,United Kingdom,overview,2021-12-05,49922468
K02000001,United Kingdom,overview,2021-12-04,49904228
K02000001,United Kingdom,overview,2021-12-03,49877535
K02000001,United Kingdom,overview,2021-12-02,49856069
K02000001,United Kingdom,overview,2021-12-01,49834091
K02000001,United Kingdom,overview,2021-11-30,49811626
K02000001,United Kingdom,overview,2021-11-29,49787803
K02000001,United Kingdom,overview,2021-11-28,49768181
K02000001,United Kingdom,overview,2021-11-27,49750868
K02000001,United Kingdom,overview,2021-11-26,49726126
K02000001,United Kingdom,overview,2021-11-25,49705878
K02000001,United Kingdom,overview,2021-11-24,49683335
K02000001,United Kingdom,overview,2021-11-23,49661294
K02000001,United Kingdom,overview,2021-11-22,49638960
K02000001,United Kingdom,overview,2021-11-21,49618213
K02000001,United Kingdom,overview,2021-11-20,49603810
K02000001,United Kingdom,overview,2021-11-19,49579125
K02000001,United Kingdom,overview,2021-11-18,49553360
K02000001,United Kingdom,overview,2021-11-17,49524400
K02000001,United Kingdom,overview,2021-11-16,49492769
K02000001,United Kingdom,overview,2021-11-15,49462600
K02000001,United Kingdom,overview,2021-11-14,49430538
K02000001,United Kingdom,overview,2021-11-13,49411534
K02000001,United Kingdom,overview,2021-11-12,49379964
K02000001,United Kingdom,overview,2021-11-11,49345403
K02000001,United Kingdom,overview,2021-11-10,49308541
K02000001,United Kingdom,overview,2021-11-09,49272144
K02000001,United Kingdom,overview,2021-11-08,49232075
K02000001,United Kingdom,overview,2021-11-07,49195657
K02000001,United Kingdom,overview,2021-11-06,49174024
K02000001,United Kingdom,overview,2021-11-05,49140316
K02000001,United Kingdom,overview,2021-11-04,49097571
K02000001,United Kingdom,overview,2021-11-03,49052030
K02000001,United Kingdom,overview,2021-11-02,49006157
K02000001,United Kingdom,overview,2021-11-01,48960713
K02000001,United Kingdom,overview,2021-10-31,48919388
K02000001,United Kingdom,overview,2021-10-30,48893960
K02000001,United Kingdom,overview,2021-10-29,48859949
K02000001,United Kingdom,overview,2021-10-28,48823525
K02000001,United Kingdom,overview,2021-10-27,48782806
K02000001,United Kingdom,overview,2021-10-26,48742676
K02000001,United Kingdom,overview,2021-10-25,48706735
K02000001,United Kingdom,overview,2021-10-24,48675058
K02000001,United Kingdom,overview,2021-10-23,48654688
K02000001,United Kingdom,overview,2021-10-22,48623455
K02000001,United Kingdom,overview,2021-10-21,48579284
K02000001,United Kingdom,overview,2021-10-20,48531180
K02000001,United Kingdom,overview,2021-10-19,48480405
K02000001,United Kingdom,overview,2021-10-18,48433606
K02000001,United Kingdom,overview,2021-10-17,48387430
K02000001,United Kingdom,overview,2021-10-16,48371346
K02000001,United Kingdom,overview,2021-10-15,48345261
K02000001,United Kingdom,overview,2021-10-14,48297108
K02000001,United Kingdom,overview,2021-10-13,48246996
K02000001,United Kingdom,overview,2021-10-12,48197783
K02000001,United Kingdom,overview,2021-10-11,48147340
K02000001,United Kingdom,overview,2021-10-10,48103474
K02000001,United Kingdom,overview,2021-10-09,48080839
K02000001,United Kingdom,overview,2021-10-08,48049956
K02000001,United Kingdom,overview,2021-10-07,48005785
K02000001,United Kingdom,overview,2021-10-06,47959696
K02000001,United Kingdom,overview,2021-10-05,47913798
K02000001,United Kingdom,overview,2021-10-04,47867688
K02000001,United Kingdom,overview,2021-10-03,47827450
K02000001,United Kingdom,overview,2021-10-02,47804323
K02000001,United Kingdom,overview,2021-10-01,47774937
K02000001,United Kingdom,overview,2021-09-30,47736592
K02000001,United Kingdom,overview,2021-09-29,47696556
K02000001,United Kingdom,overview,2021-09-28,47659679
K02000001,United Kingdom,overview,2021-09-27,47624944
K02000001,United Kingdom,overview,2021-09-26,47596332
K02000001,United Kingdom,overview,2021-09-25,47580938
K02000001,United Kingdom,overview,2021-09-24,47557165
K02000001,United Kingdom,overview,2021-09-23,47528299
K02000001,United Kingdom,overview,2021-09-22,47501355
K02000001,United Kingdom,overview,2021-09-21,47478441
K02000001,United Kingdom,overview,2021-09-20,47459068
K02000001,United Kingdom,overview,2021-09-19,47439800
K02000001,United Kingdom,overview,2021-09-18,47426752
K02000001,United Kingdom,overview,2021-09-17,47400984
K02000001,United Kingdom,overview,2021-09-16,47381524
K02000001,United Kingdom,overview,2021-09-15,47360121
K02000001,United Kingdom,overview,2021-09-14,47338617
K02000001,United Kingdom,overview,2021-09-13,47318858
K02000001,United Kingdom,overview,2021-09-12,47301255
K02000001,United Kingdom,overview,2021-09-11,47286635
K02000001,United Kingdom,overview,2021-09-10,47258398
K02000001,United Kingdom,overview,2021-09-09,47233034
K02000001,United Kingdom,overview,2021-09-08,47208755
K02000001,United Kingdom,overview,2021-09-07,47185379
K02000001,United Kingdom,overview,2021-09-06,47163221
K02000001,United Kingdom,overview,2021-09-05,47142780
K02000001,United Kingdom,overview,2021-09-04,47122007
K02000001,United Kingdom,overview,2021-09-03,47081547
K02000001,United Kingdom,overview,2021-09-02,47046932
K02000001,United Kingdom,overview,2021-09-01,47008434
K02000001,United Kingdom,overview,2021-08-31,46969075
K02000001,United Kingdom,overview,2021-08-30,46931151
K02000001,United Kingdom,overview,2021-08-29,46912600
K02000001,United Kingdom,overview,2021-08-28,46889038
K02000001,United Kingdom,overview,2021-08-27,46846644
K02000001,United Kingdom,overview,2021-08-26,46804160
K02000001,United Kingdom,overview,2021-08-25,46751838
K02000001,United Kingdom,overview,2021-08-24,46692201
K02000001,United Kingdom,overview,2021-08-23,46636144
K02000001,United Kingdom,overview,2021-08-22,46591628
K02000001,United Kingdom,overview,2021-08-21,46548692
K02000001,United Kingdom,overview,2021-08-20,46473116
K02000001,United Kingdom,overview,2021-08-19,46412647
K02000001,United Kingdom,overview,2021-08-18,46357251
K02000001,United Kingdom,overview,2021-08-17,46311144
K02000001,United Kingdom,overview,2021-08-16,46270855
K02000001,United Kingdom,overview,2021-08-15,46236228
K02000001,United Kingdom,overview,2021-08-14,46204396
K02000001,United Kingdom,overview,2021-08-13,46154564
K02000001,United Kingdom,overview,2021-08-12,46116365
K02000001,United Kingdom,overview,2021-08-11,46073438
K02000001,United Kingdom,overview,2021-08-10,46031415
K02000001,United Kingdom,overview,2021-08-09,45995844
K02000001,United Kingdom,overview,2021-08-08,45969533
K02000001,United Kingdom,overview,2021-08-07,45944644
K02000001,United Kingdom,overview,2021-08-06,45903962
K02000001,United Kingdom,overview,2021-08-05,45872286
K02000001,United Kingdom,overview,2021-08-04,45840776
K02000001,United Kingdom,overview,2021-08-03,45810227
K02000001,United Kingdom,overview,2021-08-02,45782169
K02000001,United Kingdom,overview,2021-08-01,45757609
K02000001,United Kingdom,overview,2021-07-31,45735381
K02000001,United Kingdom,overview,2021-07-30,45694673
K02000001,United Kingdom,overview,2021-07-29,45659132
K02000001,United Kingdom,overview,2021-07-28,45619917
K02000001,United Kingdom,overview,2021-07-27,45582566
K02000001,United Kingdom,overview,2021-07-26,45548495
K02000001,United Kingdom,overview,2021-07-25,45517493
K02000001,United Kingdom,overview,2021-07-24,45492006
K02000001,United Kingdom,overview,2021-07-23,45446601
K02000001,United Kingdom,overview,2021-07-22,45405729
K02000001,United Kingdom,overview,2021-07-21,45363257
K02000001,United Kingdom,overview,2021-07-20,45320149
K02000001,United Kingdom,overview,2021-07-19,45281762
K02000001,United Kingdom,overview,2021-07-18,45247357
K02000001,United Kingdom,overview,2021-07-17,45211882
K02000001,United Kingdom,overview,2021-07-16,45142619
K02000001,United Kingdom,overview,2021-07-15,45084255
K02000001,United Kingdom,overview,2021-07-14,45021791
K02000001,United Kingdom,overview,2021-07-13,44962375
K02000001,United Kingdom,overview,2021-07-12,44906550
K02000001,United Kingdom,overview,2021-07-11,44858317
K02000001,United Kingdom,overview,2021-07-10,44816260
K02000001,United Kingdom,overview,2021-07-09,44719391
K02000001,United Kingdom,overview,2021-07-08,44628299
K02000001,United Kingdom,overview,2021-07-07,44531905
K02000001,United Kingdom,overview,2021-07-06,44443946
K02000001,United Kingdom,overview,2021-07-05,44360035
K02000001,United Kingdom,overview,2021-07-04,44285817
K02000001,United Kingdom,overview,2021-07-03,44208083
K02000001,United Kingdom,overview,2021-07-02,44067781
K02000001,United Kingdom,overview,2021-07-01,43947858
K02000001,United Kingdom,overview,2021-06-30,43809270
K02000001,United Kingdom,overview,2021-06-29,43671809
K02000001,United Kingdom,overview,2021-06-28,43535252
K02000001,United Kingdom,overview,2021-06-27,43412825
K02000001,United Kingdom,overview,2021-06-26,43274385
K02000001,United Kingdom,overview,2021-06-25,43033542
K02000001,United Kingdom,overview,2021-06-24,42831190
K02000001,United Kingdom,overview,2021-06-23,42613076
K02000001,United Kingdom,overview,2021-06-22,42414733
K02000001,United Kingdom,overview,2021-06-21,42229764
K02000001,United Kingdom,overview,2021-06-20,42084067
K02000001,United Kingdom,overview,2021-06-19,41920557
K02000001,United Kingdom,overview,2021-06-18,41631914
K02000001,United Kingdom,overview,2021-06-17,41406048
K02000001,United Kingdom,overview,2021-06-16,41162384
K02000001,United Kingdom,overview,2021-06-15,40963718
K02000001,United Kingdom,overview,2021-06-14,40784702
K02000001,United Kingdom,overview,2021-06-13,40655695
K02000001,United Kingdom,overview,2021-06-12,40504296
K02000001,United Kingdom,overview,2021-06-11,40239373
K02000001,United Kingdom,overview,2021-06-10,40032927
K02000001,United Kingdom,overview,2021-06-09,39828057
K02000001,United Kingdom,overview,2021-06-08,39648730
K02000001,United Kingdom,overview,2021-06-07,39514303
K02000001,United Kingdom,overview,2021-06-06,39405912
K02000001,United Kingdom,overview,2021-06-05,39278688
K02000001,United Kingdom,overview,2021-06-04,39066333
K02000001,United Kingdom,overview,2021-06-03,38886149
K02000001,United Kingdom,overview,2021-06-02,38692042
K02000001,United Kingdom,overview,2021-06-01,38526281
K02000001,United Kingdom,overview,2021-05-31,38423857
K02000001,United Kingdom,overview,2021-05-30,38330217
K02000001,United Kingdom,overview,2021-05-29,38205475
K02000001,United Kingdom,overview,2021-05-28,38016497
K02000001,United Kingdom,overview,2021-05-27,37806650
K02000001,United Kingdom,overview,2021-05-26,37532825
K02000001,United Kingdom,overview,2021-05-25,37292669
K02000001,United Kingdom,overview,2021-05-24,37104367
K02000001,United Kingdom,overview,2021-05-23,36989270
K02000001,United Kingdom,overview,2021-05-22,36861533
K02000001,United Kingdom,overview,2021-05-21,36645716
K02000001,United Kingdom,overview,2021-05-20,36424391
K02000001,United Kingdom,overview,2021-05-19,36156997
K02000001,United Kingdom,overview,2021-05-18,35886639
K02000001,United Kingdom,overview,2021-05-17,35703261
K02000001,United Kingdom,overview,2021-05-16,35601940
K02000001,United Kingdom,overview,2021-05-15,35468486
K02000001,United Kingdom,overview,2021-05-14,35221537
K02000001,United Kingdom,overview,2021-05-13,34995231
K02000001,United Kingdom,overview,2021-05-12,34779048
K02000001,United Kingdom,overview,2021-05-11,34587657
K02000001,United Kingdom,overview,2021-05-10,34449783
K02000001,United Kingdom,overview,2021-05-09,34340333
K02000001,United Kingdom,overview,2021-05-08,34238253
K02000001,United Kingdom,overview,2021-05-07,34064357
K02000001,United Kingdom,overview,2021-05-06,33921896
K02000001,United Kingdom,overview,2021-05-05,33786663
K02000001,United Kingdom,overview,2021-05-04,33647571
K02000001,United Kingdom,overview,2021-05-03,33522280
K02000001,United Kingdom,overview,2021-05-02,33449711
K02000001,United Kingdom,overview,2021-05-01,33360218
K02000001,United Kingdom,overview,2021-04-30,33216647
K02000001,United Kingdom,overview,2021-04-29,33069759
K02000001,United Kingdom,overview,2021-04-28,32929019
K02000001,United Kingdom,overview,2021-04-27,32796561
K02000001,United Kingdom,overview,2021-04-26,32681880
K02000001,United Kingdom,overview,2021-04-25,32597037
K02000001,United Kingdom,overview,2021-04-24,32517681
K02000001,United Kingdom,overview,2021-04-23,32369917
K02000001,United Kingdom,overview,2021-04-22,32232980
K02000001,United Kingdom,overview,2021-04-21,32105077
K02000001,United Kingdom,overview,2021-04-20,31986962
K02000001,United Kingdom,overview,2021-04-19,31882013
K02000001,United Kingdom,overview,2021-04-18,31785758
K02000001,United Kingdom,overview,2021-04-17,31701908
K02000001,United Kingdom,overview,2021-04-16,31558345
K02000001,United Kingdom,overview,2021-04-15,31423037
K02000001,United Kingdom,overview,2021-04-14,31294552
K02000001,United Kingdom,overview,2021-04-13,31177203
K02000001,United Kingdom,overview,2021-04-12,31104926
K02000001,United Kingdom,overview,2021-04-11,31047128
K02000001,United Kingdom,overview,2021-04-10,30980882
K02000001,United Kingdom,overview,2021-04-09,30867987
K02000001,United Kingdom,overview,2021-04-08,30762391
K02000001,United Kingdom,overview,2021-04-07,30670447
K02000001,United Kingdom,overview,2021-04-06,30575442
K02000001,United Kingdom,overview,2021-04-05,30494759
K02000001,United Kingdom,overview,2021-04-04,30456318
K02000001,United Kingdom,overview,2021-04-03,30409262
K02000001,United Kingdom,overview,2021-04-02,30303811
K02000001,United Kingdom,overview,2021-04-01,30199206
K02000001,United Kingdom,overview,2021-03-31,30033124
K02000001,United Kingdom,overview,2021-03-30,29800471
K02000001,United Kingdom,overview,2021-03-29,29583547
K02000001,United Kingdom,overview,2021-03-28,29363171
K02000001,United Kingdom,overview,2021-03-27,29113242
K02000001,United Kingdom,overview,2021-03-26,28639645
K02000001,United Kingdom,overview,2021-03-25,28255380
K02000001,United Kingdom,overview,2021-03-24,27905803
K02000001,United Kingdom,overview,2021-03-23,27570099
K02000001,United Kingdom,overview,2021-03-22,27250500
K02000001,United Kingdom,overview,2021-03-21,26932194
K02000001,United Kingdom,overview,2021-03-20,26589586
K02000001,United Kingdom,overview,2021-03-19,25815698
K02000001,United Kingdom,overview,2021-03-18,25194230
K02000001,United Kingdom,overview,2021-03-17,24659625
K02000001,United Kingdom,overview,2021-03-16,24200149
K02000001,United Kingdom,overview,2021-03-15,23760996
K02000001,United Kingdom,overview,2021-03-14,23388063
K02000001,United Kingdom,overview,2021-03-13,23131778
K02000001,United Kingdom,overview,2021-03-12,22599799
K02000001,United Kingdom,overview,2021-03-11,22228156
K02000001,United Kingdom,overview,2021-03-10,22039801
K02000001,United Kingdom,overview,2021-03-09,21797080
K02000001,United Kingdom,overview,2021-03-08,21586431
K02000001,United Kingdom,overview,2021-03-07,21391997
K02000001,United Kingdom,overview,2021-03-06,21232782
K02000001,United Kingdom,overview,2021-03-05,20807695
K02000001,United Kingdom,overview,2021-03-04,20372016
K02000001,United Kingdom,overview,2021-03-03,19998436
K02000001,United Kingdom,overview,2021-03-02,19723017
K02000001,United Kingdom,overview,2021-03-01,19505040
K02000001,United Kingdom,overview,2021-02-28,20245742
K02000001,United Kingdom,overview,2021-02-27,17736517
K02000001,United Kingdom,overview,2021-02-26,17736517
K02000001,United Kingdom,overview,2021-02-25,17736517
K02000001,United Kingdom,overview,2021-02-24,17736517
K02000001,United Kingdom,overview,2021-02-23,17736517
K02000001,United Kingdom,overview,2021-02-22,17736517
K02000001,United Kingdom,overview,2021-02-21,17736517
K02000001,United Kingdom,overview,2021-02-20,15367629
K02000001,United Kingdom,overview,2021-02-19,15367629
K02000001,United Kingdom,overview,2021-02-18,15367629
K02000001,United Kingdom,overview,2021-02-17,15367629
K02000001,United Kingdom,overview,2021-02-16,15367629
K02000001,United Kingdom,overview,2021-02-15,15367629
K02000001,United Kingdom,overview,2021-02-14,15367629
K02000001,United Kingdom,overview,2021-02-13,12410318
K02000001,United Kingdom,overview,2021-02-12,12410318
K02000001,United Kingdom,overview,2021-02-11,12410318
K02000001,United Kingdom,overview,2021-02-10,12410318
K02000001,United Kingdom,overview,2021-02-09,12410318
K02000001,United Kingdom,overview,2021-02-08,12410318
K02000001,United Kingdom,overview,2021-02-07,12410318
K02000001,United Kingdom,overview,2021-02-06,9448950
K02000001,United Kingdom,overview,2021-02-05,9448950
K02000001,United Kingdom,overview,2021-02-04,9448950
K02000001,United Kingdom,overview,2021-02-03,9448950
K02000001,United Kingdom,overview,2021-02-02,9448950
K02000001,United Kingdom,overview,2021-02-01,9448950
K02000001,United Kingdom,overview,2021-01-31,9448950
K02000001,United Kingdom,overview,2021-01-30,6861879
K02000001,United Kingdom,overview,2021-01-29,6861879
K02000001,United Kingdom,overview,2021-01-28,6861879
K02000001,United Kingdom,overview,2021-01-27,6861879
K02000001,United Kingdom,overview,2021-01-26,6861879
K02000001,United Kingdom,overview,2021-01-25,6861879
K02000001,United Kingdom,overview,2021-01-24,6861879
K02000001,United Kingdom,overview,2021-01-23,4297431
K02000001,United Kingdom,overview,2021-01-22,4297431
K02000001,United Kingdom,overview,2021-01-21,4297431
K02000001,United Kingdom,overview,2021-01-20,4297431
K02000001,United Kingdom,overview,2021-01-19,4297431
K02000001,United Kingdom,overview,2021-01-18,4297431
K02000001,United Kingdom,overview,2021-01-17,4297431
K02000001,United Kingdom,overview,2021-01-16,2466087
K02000001,United Kingdom,overview,2021-01-15,2466087
K02000001,United Kingdom,overview,2021-01-14,2466087
K02000001,United Kingdom,overview,2021-01-13,2466087
K02000001,United Kingdom,overview,2021-01-12,2466087
K02000001,United Kingdom,overview,2021-01-11,2466087
K02000001,United Kingdom,overview,2021-01-10,2466087
K02000001,United Kingdom,overview,2021-01-09,1380430
K02000001,United Kingdom,overview,2021-01-08,1380430
K02000001,United Kingdom,overview,2021-01-07,1380430
K02000001,United Kingdom,overview,2021-01-06,1380430
K02000001,United Kingdom,overview,2021-01-05,1380430
K02000001,United Kingdom,overview,2021-01-04,1380430
K02000001,United Kingdom,overview,2021-01-03,1380430
K02000001,United Kingdom,overview,2021-01-02,1005073
K02000001,United Kingdom,overview,2021-01-01,1005073
K02000001,United Kingdom,overview,2020-12-31,1005073
K02000001,United Kingdom,overview,2020-12-30,1005073
K02000001,United Kingdom,overview,2020-12-29,1005073
K02000001,United Kingdom,overview,2020-12-28,1005073
K02000001,United Kingdom,overview,2020-12-27,1005073
K02000001,United Kingdom,overview,2020-12-26,675286
K02000001,United Kingdom,overview,2020-12-25,675286
K02000001,United Kingdom,overview,2020-12-24,675286
K02000001,United Kingdom,overview,2020-12-23,675286
K02000001,United Kingdom,overview,2020-12-22,675286
K02000001,United Kingdom,overview,2020-12-21,675286
K02000001,United Kingdom,overview,2020-12-20,675286
K02000001,United Kingdom,overview,2020-12-19,86465
K02000001,United Kingdom,overview,2020-12-18,86465
K02000001,United Kingdom,overview,2020-12-17,86465
K02000001,United Kingdom,overview,2020-12-16,86465
K02000001,United Kingdom,overview,2020-12-15,86465
K02000001,United Kingdom,overview,2020-12-14,86465
K02000001,United Kingdom,overview,2020-12-13,86465
